method,confidence_mean,confidence_median
stochastic,0.7924629952929898,0.81236332654953
dynamical,0.8576306160346875,0.8642264808344924
